hotel,name,email,phone-number
Heritage Grand Hotel,Ernest Barnes,Ernest.Barnes31@outlook.com,669-792-1661
Heritage Grand Hotel,Andrea Baker,Andrea_Baker94@aol.com,858-637-6955
The Grand Horizon Hotel,Rebecca Parker,Rebecca_Parker@comcast.net,652-885-2745
Heritage Grand Hotel,Laura Murray,Laura_M@gmail.com,364-656-8427
The Grand Horizon Hotel,Linda Hines,LHines@verizon.com,713-226-5883
The Grand Horizon Hotel,Jasmine Fletcher,JFletcher43@xfinity.com,190-271-6743
The Grand Horizon Hotel,Dylan Rangel,Rangel.Dylan@comcast.net,420-332-5209
Heritage Grand Hotel,William Velez,Velez_William@mail.com,286-669-4333
The Grand Horizon Hotel,Steven Murphy,Steven.Murphy54@aol.com,341-726-5787
The Grand Horizon Hotel,Michael Moore,MichaelMoore81@outlook.com,316-648-6176
Heritage Grand Hotel,Priscilla Collins PhD,PhD.Priscilla74@att.com,833-887-7898
Heritage Grand Hotel,Laurie Smith,Smith.Laurie@att.com,804-383-4080
The Grand Horizon Hotel,Casey Thomas,Casey_T78@outlook.com,211-071-2173
The Grand Horizon Hotel,Rachel Friedman,Rachel.F@protonmail.com,435-075-8409
Heritage Grand Hotel,Edward Torres,Edward.T@zoho.com,790-746-7471
The Grand Horizon Hotel,Samuel Zavala,Zavala_Samuel46@xfinity.com,649-384-5387
The Grand Horizon Hotel,Dr. Victor Martin,Dr.Martin@xfinity.com,331-430-8824
Heritage Grand Hotel,Sara Lee,Sara.L@hotmail.com,573-306-9938
Heritage Grand Hotel,Curtis Rodriguez,CRodriguez@verizon.com,466-424-2102
The Grand Horizon Hotel,Stephanie Schmidt,StephanieSchmidt@hotmail.com,896-642-1049
The Grand Horizon Hotel,John Matthews,John.Matthews@aol.com,952-496-4398
Heritage Grand Hotel,Robert Chung,Robert.Chung47@yandex.com,382-465-6552
Heritage Grand Hotel,Mark Garcia,MGarcia16@comcast.net,784-675-4921
The Grand Horizon Hotel,Brandon Taylor,BrandonTaylor@hotmail.com,227-329-7167
The Grand Horizon Hotel,Angie Sanchez,Angie_Sanchez@att.com,211-889-2476
Heritage Grand Hotel,Alexis King,King_Alexis70@hotmail.com,103-516-5853
Heritage Grand Hotel,Michael Davidson,MichaelDavidson82@att.com,336-525-2460
The Grand Horizon Hotel,Jaime Flynn,JaimeFlynn29@gmail.com,549-866-3721
The Grand Horizon Hotel,Mrs. Alicia Williams,Mrs..W61@yandex.com,427-564-4927
Heritage Grand Hotel,Heather Hart,Heather.H@xfinity.com,431-329-6663
Heritage Grand Hotel,Diamond Wilson,Wilson.Diamond@comcast.net,870-563-6202
The Grand Horizon Hotel,Paul Williams,Williams_Paul@xfinity.com,789-736-8837
The Grand Horizon Hotel,Reginald Cunningham,Reginald_C57@outlook.com,800-249-2144
Heritage Grand Hotel,Willie Sims,Willie_S@yahoo.com,790-830-7635
Heritage Grand Hotel,Alex Brown,Alex.B@zoho.com,956-737-1944
The Grand Horizon Hotel,Virginia Holden,Virginia.H@aol.com,734-480-9929
The Grand Horizon Hotel,John Smith,John_Smith@xfinity.com,624-965-3392
Heritage Grand Hotel,Jennifer Barton,JBarton@hotmail.com,902-792-8048
Heritage Grand Hotel,Richard Holt,Richard.Holt@hotmail.com,517-420-6344
The Grand Horizon Hotel,Amy Green,Amy.Green56@gmail.com,858-208-4589
The Grand Horizon Hotel,Kimberly Perez,Perez.Kimberly84@hotmail.com,320-615-3590
Heritage Grand Hotel,Carly Armstrong,CArmstrong@mail.com,521-784-3601
Heritage Grand Hotel,Scott Hammond,ScottHammond41@verizon.com,632-108-8350
The Grand Horizon Hotel,Debra Fuller,Debra.Fuller@protonmail.com,229-134-3710
Heritage Grand Hotel,Rachel Davis,RachelDavis@mail.com,549-261-2558
The Grand Horizon Hotel,Michael Mccormick,Mccormick.Michael19@aol.com,380-830-9585
Heritage Grand Hotel,Ann Sullivan,AnnSullivan@att.com,947-577-3720
Heritage Grand Hotel,Rachel Wallace,Rachel_W79@xfinity.com,870-988-2775
The Grand Horizon Hotel,Carla Ferguson,Carla_Ferguson@att.com,724-910-8709
Heritage Grand Hotel,Greg Hardin,Hardin_Greg@gmail.com,488-646-3204
Heritage Grand Hotel,Rachel Ho,Ho_Rachel74@aol.com,338-173-6502
The Grand Horizon Hotel,Elizabeth Joseph,Joseph_Elizabeth@yandex.com,625-613-9890
Heritage Grand Hotel,Stephen Brown,Stephen.Brown@att.com,154-115-9953
The Grand Horizon Hotel,Scott Ward,Scott_Ward11@hotmail.com,463-281-5751
Heritage Grand Hotel,Derrick Bailey,Derrick_Bailey@protonmail.com,709-066-0652
The Grand Horizon Hotel,Jessica Cole,Jessica_Cole@yahoo.com,179-191-0924
Heritage Grand Hotel,Reginald Russo,Russo.Reginald65@comcast.net,765-624-6051
The Grand Horizon Hotel,William Sanchez,William.Sanchez@mail.com,120-215-7905
Heritage Grand Hotel,Diane Rose,Diane.Rose@protonmail.com,362-196-5800
The Grand Horizon Hotel,Nathan Smith,Nathan_Smith@comcast.net,689-649-9029
Sunset Bay Hotel,Andrew Bullock,AndrewBullock17@hotmail.com,674-443-2397
The Grand Horizon Hotel,Nancy Mccormick,Nancy.M@protonmail.com,199-421-8585
The Grand Horizon Hotel,Barbara Cole,Barbara.Cole@hotmail.com,152-786-1085
Sunset Bay Hotel,Sheri Aguilar,Aguilar.Sheri22@att.com,333-467-7388
The Grand Horizon Hotel,Sandra Graham,Sandra_Graham@xfinity.com,141-723-4259
The Grand Horizon Hotel,Christopher Cabrera,Cabrera.Christopher@yahoo.com,852-612-3076
Sunset Bay Hotel,Melinda Flores,Flores_Melinda@yahoo.com,419-443-6780
The Grand Horizon Hotel,Michael Whitehead,Michael.W@mail.com,738-618-2202
Sunset Bay Hotel,Brent Hamilton,Brent.Hamilton15@gmail.com,304-692-3370
The Grand Horizon Hotel,Jessica Bradford,JBradford@outlook.com,207-319-4187
Sunset Bay Hotel,Marissa Robinson,MarissaRobinson@mail.com,770-855-7071
Sunset Bay Hotel,Jennifer Curry,Jennifer_Curry@hotmail.com,964-722-0569
Sunset Bay Hotel,Teresa Maldonado,Maldonado_Teresa95@protonmail.com,623-086-5362
Sunset Bay Hotel,Bryan Perez,BryanPerez@gmail.com,125-111-5926
Heritage Grand Hotel,Timothy Horn,Timothy.H@yandex.com,308-321-9169
Heritage Grand Hotel,Angela Williams,Angela.Williams@xfinity.com,580-737-9824
Sunset Bay Hotel,Lee Ramirez MD,LMD@yahoo.com,764-987-4238
Sunset Bay Hotel,Allen Hoffman,AHoffman@protonmail.com,387-020-2239
Ocean Breeze Resort,Michael Yu,Michael_Yu59@comcast.net,648-953-8540
Ocean Breeze Resort,Anthony Moss,Anthony_Moss18@yandex.com,963-680-1077
Sunset Bay Hotel,Tony Olson,Tony_O@outlook.com,177-359-1844
Sunset Bay Hotel,Clayton Cowan,Clayton.Cowan31@protonmail.com,504-743-2620
Ocean Breeze Resort,Mrs. Debra Jackson DDS,DDS_Mrs.@att.com,307-631-6954
Sunset Bay Hotel,Raymond Young,Young.Raymond92@verizon.com,699-642-7831
Ocean Breeze Resort,Lisa Schroeder,Schroeder.Lisa@comcast.net,530-765-2207
Sunset Bay Hotel,Kristin Roberts,Kristin_Roberts56@protonmail.com,697-234-2961
Ocean Breeze Resort,Howard Williams,Howard_W@outlook.com,725-661-7321
Ocean Breeze Resort,Jennifer Murphy,Murphy.Jennifer59@yandex.com,704-540-0581
Sunset Bay Hotel,Joshua Delacruz,JoshuaDelacruz@outlook.com,865-382-8535
Ocean Breeze Resort,Colleen Murphy,Colleen.Murphy@mail.com,338-111-1480
Sunset Bay Hotel,Rebecca Hebert,RHebert34@zoho.com,949-133-1514
Ocean Breeze Resort,Robert Campbell,RCampbell@verizon.com,889-737-3353
Sunset Bay Hotel,Matthew Lang,Lang_Matthew34@hotmail.com,717-746-5383
Ocean Breeze Resort,David Mcgee,David_M@aol.com,476-034-9610
Ocean Breeze Resort,Jill Key,JillKey89@att.com,660-175-9098
Ocean Breeze Resort,Nicole Campbell,NicoleCampbell26@zoho.com,438-796-8267
Ocean Breeze Resort,James Hill,Hill.James@mail.com,448-162-3076
Ocean Breeze Resort,Daniel Richard,Daniel_R@xfinity.com,540-499-1735
Ocean Breeze Resort,Jacob Porter,Porter_Jacob@verizon.com,432-456-4500
Ocean Breeze Resort,Susan Wilson,Wilson_Susan@comcast.net,253-535-6431
